{
  "center": {
    "viewW": 1280,
    "viewH": 720,
    "scrollX": 163,
    "scrollY": 531,
    "zoom": 1.7,
    "patchScreenX": 977.092,
    "patchScreenY": -177.38650000000004,
    "targetCenterX": 737.76,
    "targetCenterY": 335.1,
    "errorX": 239.332,
    "errorY": -512.4865000000001,
    "soilScreenX": 977.092,
    "soilScreenY": -333.03,
    "soilErrorX": 239.332,
    "soilErrorY": -668.13,
    "geomCenterX": 637,
    "geomCenterY": 335.1,
    "geomErrorX": 340.092,
    "geomErrorY": -512.4865000000001,
    "panBoundsCenterX": 976.7410000000001,
    "panBoundsCenterY": 599.2,
    "panBoundsErrorX": 0.3509999999998854,
    "panBoundsErrorY": -776.5865000000001,
    "mapTopScreenY": -822.63,
    "mapTopTargetScreenY": -822.63,
    "mapTopErrorY": 0,
    "panBoundsTopScreenY": -1140.4365,
    "mapTopAbovePanPx": -317.8065,
    "playableLeft": 133.2,
    "playableTop": 71,
    "playableRight": 1140.8,
    "playableBottom": 599.2,
    "marginLeft": -1050.758,
    "marginRight": -1730.9419999999998,
    "marginTop": -1211.4365,
    "marginBottom": -186.46349999999984
  },
  "vp": {
    "scaleW": 1280,
    "scaleH": 720,
    "displayScaleW": 1280,
    "displayScaleH": 720,
    "gameConfigW": 1280,
    "gameConfigH": 720,
    "camW": 1280,
    "camH": 720,
    "camX": 0,
    "camY": 0,
    "camZoom": 1.7,
    "gridOriginX": 801.76,
    "gridOriginY": 596.4299999999997,
    "mapBounds": {
      "minX": 161.76,
      "minY": 47.10000000000002,
      "maxX": 1441.76,
      "maxY": 687.1000000000001,
      "centerX": 801.76,
      "centerY": 367.1000000000001
    },
    "bg": {
      "x": 640,
      "y": 360,
      "displayW": 1287,
      "displayH": 724
    }
  },
  "mapCenterScreenX": 1085.892,
  "footprintCenterScreenX": 977.092,
  "screenDeltaPx": 108.80000000000007,
  "expectedShiftPx": 65.28,
  "panWidth": 1280,
  "zoom": 1.7
}