{
  "center": {
    "viewW": 1280,
    "viewH": 720,
    "scrollX": 96,
    "scrollY": 531,
    "zoom": 1.7,
    "patchScreenX": 1090.992,
    "patchScreenY": -177.38650000000004,
    "targetCenterX": 737.76,
    "targetCenterY": 335.1,
    "errorX": 353.23199999999997,
    "errorY": -512.4865000000001,
    "soilScreenX": 1090.992,
    "soilScreenY": -333.03,
    "soilErrorX": 353.23199999999997,
    "soilErrorY": -668.13,
    "geomCenterX": 637,
    "geomCenterY": 335.1,
    "geomErrorX": 453.99199999999996,
    "geomErrorY": -512.4865000000001,
    "panBoundsCenterX": 1090.42,
    "panBoundsCenterY": 599.2,
    "panBoundsErrorX": 0.571999999999889,
    "panBoundsErrorY": -776.5865000000001,
    "mapTopScreenY": -822.63,
    "mapTopTargetScreenY": -822.63,
    "mapTopErrorY": 0,
    "panBoundsTopScreenY": -1140.4365,
    "mapTopAbovePanPx": -317.8065,
    "playableLeft": 133.2,
    "playableTop": 71,
    "playableRight": 1140.8,
    "playableBottom": 599.2,
    "marginLeft": -936.858,
    "marginRight": -1844.8419999999999,
    "marginTop": -1211.4365,
    "marginBottom": -186.46349999999984
  },
  "vp": {
    "scaleW": 1280,
    "scaleH": 720,
    "displayScaleW": 1280,
    "displayScaleH": 720,
    "gameConfigW": 1280,
    "gameConfigH": 720,
    "camW": 1280,
    "camH": 720,
    "camX": 0,
    "camY": 0,
    "camZoom": 1.7,
    "gridOriginX": 868.63,
    "gridOriginY": 596.4299999999997,
    "mapBounds": {
      "minX": 161.76,
      "minY": 47.10000000000002,
      "maxX": 1441.7600000000002,
      "maxY": 687.1000000000001,
      "centerX": 801.7600000000001,
      "centerY": 367.1000000000001
    },
    "bg": {
      "x": 640,
      "y": 360,
      "displayW": 1287,
      "displayH": 724
    }
  },
  "mapCenterScreenX": 1199.7920000000001,
  "footprintCenterScreenX": 1090.992,
  "screenDeltaPx": 108.80000000000018,
  "expectedShiftPx": 38.400000000000006,
  "panWidth": 1280.0000000000002
}